{
    "metrics": {
        "http_req_failed": {
            "passes": 56,
            "fails": 43,
            "value": 0.5656565656565656
        },
        "vus": {
            "min": 78,
            "max": 100,
            "value": 78
        },
        "http_req_receiving": {
            "p(95)": 0.9541499999999984,
            "p(99)": 3.1592119999999997,
            "avg": 0.21543939393939396,
            "min": 0,
            "med": 0,
            "max": 3.1892,
            "p(50)": 0,
            "p(90)": 0.7303800000000003
        },
        "checks": {
            "passes": 43,
            "fails": 56,
            "value": 0.43434343434343436
        },
        "http_reqs": {
            "count": 99,
            "rate": 2.1991090822678645
        },
        "http_req_connecting": {
            "p(50)": 0,
            "p(90)": 2.6478,
            "p(95)": 2.6478,
            "p(99)": 2.6850639999999926,
            "avg": 0.755169696969697,
            "min": 0,
            "med": 0,
            "max": 4.511
        },
        "data_sent": {
            "count": 27930,
            "rate": 620.4153198761763
        },
        "data_received": {
            "count": 16062,
            "rate": 356.78878868067113
        },
        "http_req_duration{expected_response:true}": {
            "max": 30397.4118,
            "p(50)": 30292.4489,
            "p(90)": 30323.371,
            "p(95)": 30327.8737,
            "p(99)": 30369.104472,
            "avg": 24673.285625581393,
            "min": 43.7744,
            "med": 30292.4489
        },
        "http_req_sending": {
            "p(95)": 48.63721999999998,
            "p(99)": 74.85465599999993,
            "avg": 6.821506060606061,
            "min": 0,
            "med": 0,
            "max": 89.0037,
            "p(50)": 0,
            "p(90)": 19.472060000000003
        },
        "http_req_blocked": {
            "max": 10.4187,
            "p(50)": 0,
            "p(90)": 2.6478,
            "p(95)": 3.95408,
            "p(99)": 4.974407999999977,
            "avg": 1.101612121212121,
            "min": 0,
            "med": 0
        },
        "iterations": {
            "count": 22,
            "rate": 0.48869090717063657
        },
        "http_req_tls_handshaking": {
            "p(99)": 0,
            "avg": 0,
            "min": 0,
            "med": 0,
            "max": 0,
            "p(50)": 0,
            "p(90)": 0,
            "p(95)": 0
        },
        "http_req_waiting": {
            "min": 43.7744,
            "med": 30198.6199,
            "max": 30397.4118,
            "p(50)": 30198.6199,
            "p(90)": 30310.462480000002,
            "p(95)": 30320.50585,
            "p(99)": 30327.23841,
            "avg": 22938.736906060607
        },
        "vus_max": {
            "max": 100,
            "value": 100,
            "min": 100
        },
        "iteration_duration": {
            "p(90)": 31402.017239999997,
            "p(95)": 31402.58829,
            "p(99)": 31404.786612,
            "avg": 31375.08124090909,
            "min": 31335.9425,
            "med": 31384.8601,
            "max": 31405.3668,
            "p(50)": 31384.8601
        },
        "http_req_duration": {
            "p(95)": 30321.043149999998,
            "p(99)": 30331.361367999998,
            "avg": 22945.773851515158,
            "min": 43.7744,
            "med": 30198.6199,
            "max": 30397.4118,
            "p(50)": 30198.6199,
            "p(90)": 30312.81494
        }
    },
    "root_group": {
        "path": "",
        "id": "d41d8cd98f00b204e9800998ecf8427e",
        "groups": {},
        "checks": {
                "shorten status is 201": {
                    "name": "shorten status is 201",
                    "path": "::shorten status is 201",
                    "id": "d3ebe54837ffc5736f01c0954d1c5445",
                    "passes": 37,
                    "fails": 40
                },
                "redirect status is 302": {
                    "fails": 16,
                    "name": "redirect status is 302",
                    "path": "::redirect status is 302",
                    "id": "d8a7b755aa6d54fb5eda54a6efb3e312",
                    "passes": 6
                }
            },
        "name": ""
    }
}