{
    "root_group": {
        "name": "",
        "path": "",
        "id": "d41d8cd98f00b204e9800998ecf8427e",
        "groups": {},
        "checks": {
                "shorten status is 201": {
                    "passes": 100,
                    "fails": 0,
                    "name": "shorten status is 201",
                    "path": "::shorten status is 201",
                    "id": "d3ebe54837ffc5736f01c0954d1c5445"
                },
                "redirect status is 302": {
                    "path": "::redirect status is 302",
                    "id": "d8a7b755aa6d54fb5eda54a6efb3e312",
                    "passes": 100,
                    "fails": 0,
                    "name": "redirect status is 302"
                }
            }
    },
    "metrics": {
        "vus": {
            "value": 10,
            "min": 10,
            "max": 10
        },
        "data_sent": {
            "count": 26010,
            "rate": 2467.371221151251
        },
        "http_reqs": {
            "count": 200,
            "rate": 18.972481515965022
        },
        "http_req_tls_handshaking": {
            "p(95)": 0,
            "p(99)": 0,
            "avg": 0,
            "min": 0,
            "med": 0,
            "max": 0,
            "p(50)": 0,
            "p(90)": 0
        },
        "http_req_duration": {
            "max": 50.5442,
            "p(50)": 14.3963,
            "p(90)": 32.57777,
            "p(95)": 39.104054999999974,
            "p(99)": 45.992820999999985,
            "avg": 16.532710999999985,
            "min": 0.636,
            "med": 14.3963
        },
        "http_req_failed": {
            "passes": 0,
            "fails": 200,
            "value": 0
        },
        "data_received": {
            "count": 28310,
            "rate": 2685.554758584849
        },
        "http_req_blocked": {
            "min": 0,
            "med": 0,
            "max": 3.5356,
            "p(50)": 0,
            "p(90)": 0,
            "p(95)": 0.07727999999997365,
            "p(99)": 3.0611019999999987,
            "avg": 0.12267149999999999
        },
        "http_req_connecting": {
            "p(95)": 0.07727999999997365,
            "p(99)": 3.0596,
            "avg": 0.11935449999999997,
            "min": 0,
            "med": 0,
            "max": 3.5356,
            "p(50)": 0,
            "p(90)": 0
        },
        "vus_max": {
            "value": 10,
            "min": 10,
            "max": 10
        },
        "iterations": {
            "count": 100,
            "rate": 9.486240757982511
        },
        "iteration_duration": {
            "p(50)": 1036.2382499999999,
            "p(90)": 1088.57048,
            "p(95)": 1090.6339,
            "p(99)": 1099.245144,
            "avg": 1040.0455809999994,
            "min": 1005.8559,
            "med": 1036.2382499999999,
            "max": 1106.7042
        },
        "http_req_duration{expected_response:true}": {
            "max": 50.5442,
            "p(50)": 14.3963,
            "p(90)": 32.57777,
            "p(95)": 39.104054999999974,
            "p(99)": 45.992820999999985,
            "avg": 16.532710999999985,
            "min": 0.636,
            "med": 14.3963
        },
        "checks": {
            "passes": 200,
            "fails": 0,
            "value": 1
        },
        "http_req_sending": {
            "avg": 0.023647,
            "min": 0,
            "med": 0,
            "max": 2.5916,
            "p(50)": 0,
            "p(90)": 0,
            "p(95)": 0,
            "p(99)": 0.5165979999999993
        },
        "http_req_waiting": {
            "max": 50.5442,
            "p(50)": 14.254349999999999,
            "p(90)": 32.57777,
            "p(95)": 39.03847499999999,
            "p(99)": 45.98516599999999,
            "avg": 16.340197499999988,
            "min": 0.636,
            "med": 14.254349999999999
        },
        "http_req_receiving": {
            "p(95)": 1.3143049999999992,
            "p(99)": 2.681189,
            "avg": 0.1688665,
            "min": 0,
            "med": 0,
            "max": 3.2186,
            "p(50)": 0,
            "p(90)": 0.5425899999999996
        }
    }
}