{
    "root_group": {
        "name": "",
        "path": "",
        "id": "d41d8cd98f00b204e9800998ecf8427e",
        "groups": {},
        "checks": {
                "shorten status is 201": {
                    "id": "d3ebe54837ffc5736f01c0954d1c5445",
                    "passes": 729,
                    "fails": 0,
                    "name": "shorten status is 201",
                    "path": "::shorten status is 201"
                },
                "redirect status is 302": {
                    "passes": 729,
                    "fails": 0,
                    "name": "redirect status is 302",
                    "path": "::redirect status is 302",
                    "id": "d8a7b755aa6d54fb5eda54a6efb3e312"
                }
            }
    },
    "metrics": {
        "iterations": {
            "count": 729,
            "rate": 45.55590919883666
        },
        "http_req_failed": {
            "passes": 0,
            "fails": 1458,
            "value": 0
        },
        "vus_max": {
            "value": 50,
            "min": 50,
            "max": 50
        },
        "checks": {
            "passes": 1458,
            "fails": 0,
            "value": 1
        },
        "vus": {
            "value": 2,
            "min": 2,
            "max": 50
        },
        "data_received": {
            "count": 207130,
            "rate": 12943.752362626936
        },
        "data_sent": {
            "rate": 11895.966451053693,
            "count": 190363
        },
        "http_req_sending": {
            "max": 13.0157,
            "p(50)": 0,
            "p(90)": 0,
            "p(95)": 0,
            "p(99)": 2.0155720000000015,
            "avg": 0.05895877914951989,
            "min": 0,
            "med": 0
        },
        "http_req_waiting": {
            "p(90)": 62.73449999999998,
            "p(95)": 161.8578299999998,
            "p(99)": 426.6400360000002,
            "avg": 30.560988751714742,
            "min": 0,
            "med": 7.2038,
            "max": 793.2006,
            "p(50)": 7.2038
        },
        "http_req_receiving": {
            "max": 20.7436,
            "p(50)": 0,
            "p(90)": 0.8476599999999997,
            "p(95)": 1.4603049999999995,
            "p(99)": 3.1001230000000093,
            "avg": 0.23983573388203036,
            "min": 0,
            "med": 0
        },
        "http_req_duration": {
            "avg": 30.859783264746298,
            "min": 0,
            "med": 7.5729500000000005,
            "max": 793.2006,
            "p(50)": 7.5729500000000005,
            "p(90)": 63.02619,
            "p(95)": 162.97914999999998,
            "p(99)": 427.2004030000001
        },
        "http_req_blocked": {
            "p(95)": 0,
            "p(99)": 10.3032,
            "avg": 0.4043735939643347,
            "min": 0,
            "med": 0,
            "max": 24.0267,
            "p(50)": 0,
            "p(90)": 0
        },
        "http_reqs": {
            "count": 1458,
            "rate": 91.11181839767332
        },
        "http_req_connecting": {
            "med": 0,
            "max": 24.0267,
            "p(50)": 0,
            "p(90)": 0,
            "p(95)": 0,
            "p(99)": 9.8653,
            "avg": 0.3757006858710562,
            "min": 0
        },
        "http_req_tls_handshaking": {
            "min": 0,
            "med": 0,
            "max": 0,
            "p(50)": 0,
            "p(90)": 0,
            "p(95)": 0,
            "p(99)": 0,
            "avg": 0
        },
        "http_req_duration{expected_response:true}": {
            "min": 0,
            "med": 7.5729500000000005,
            "max": 793.2006,
            "p(50)": 7.5729500000000005,
            "p(90)": 63.02619,
            "p(95)": 162.97914999999998,
            "p(99)": 427.2004030000001,
            "avg": 30.859783264746298
        },
        "iteration_duration": {
            "p(90)": 1170.5000400000001,
            "p(95)": 1387.66344,
            "p(99)": 1574.0515160000004,
            "avg": 1064.5676652949253,
            "min": 1003.6861,
            "med": 1019.0333,
            "max": 1812.7654,
            "p(50)": 1019.0333
        }
    }
}