{
    "root_group": {
        "path": "",
        "id": "d41d8cd98f00b204e9800998ecf8427e",
        "groups": {},
        "checks": {
                "shorten status is 201": {
                    "fails": 34,
                    "name": "shorten status is 201",
                    "path": "::shorten status is 201",
                    "id": "d3ebe54837ffc5736f01c0954d1c5445",
                    "passes": 0
                }
            },
        "name": ""
    },
    "metrics": {
        "http_req_duration": {
            "p(50)": 32572.5946,
            "p(90)": 32631.387580000002,
            "p(95)": 32638.02781,
            "p(99)": 32643.567595,
            "avg": 32546.901102941167,
            "min": 32414.386,
            "med": 32572.5946,
            "max": 32645.8375
        },
        "http_req_blocked": {
            "avg": 1.1727117647058822,
            "min": 0,
            "med": 0,
            "max": 2.7643,
            "p(50)": 0,
            "p(90)": 2.5151,
            "p(95)": 2.6023199999999993,
            "p(99)": 2.7643
        },
        "http_req_sending": {
            "p(99)": 1.910540000000003,
            "avg": 0.09406470588235294,
            "min": 0,
            "med": 0,
            "max": 2.5151,
            "p(50)": 0,
            "p(90)": 0,
            "p(95)": 0.23908499999999855
        },
        "http_req_receiving": {
            "avg": 0.11470294117647059,
            "min": 0,
            "med": 0,
            "max": 2.0133,
            "p(50)": 0,
            "p(90)": 0,
            "p(95)": 0.660309999999996,
            "p(99)": 1.9714890000000003
        },
        "http_req_tls_handshaking": {
            "min": 0,
            "med": 0,
            "max": 0,
            "p(50)": 0,
            "p(90)": 0,
            "p(95)": 0,
            "p(99)": 0,
            "avg": 0
        },
        "checks": {
            "passes": 0,
            "fails": 34,
            "value": 0
        },
        "vus": {
            "value": 200,
            "min": 200,
            "max": 200
        },
        "vus_max": {
            "value": 200,
            "min": 200,
            "max": 200
        },
        "http_req_connecting": {
            "p(95)": 2.6023199999999993,
            "p(99)": 2.7643,
            "avg": 1.1727117647058822,
            "min": 0,
            "med": 0,
            "max": 2.7643,
            "p(50)": 0,
            "p(90)": 2.5151
        },
        "http_req_failed": {
            "fails": 0,
            "passes": 34,
            "value": 1
        },
        "http_reqs": {
            "count": 34,
            "rate": 0.7550174646753809
        },
        "http_req_waiting": {
            "max": 32645.8375,
            "p(50)": 32572.5946,
            "p(90)": 32630.06696,
            "p(95)": 32638.02781,
            "p(99)": 32643.567595,
            "avg": 32546.692335294116,
            "min": 32414.386,
            "med": 32572.5946
        },
        "data_sent": {
            "count": 40088,
            "rate": 890.2100036443138
        },
        "data_received": {
            "rate": 131.37303885351628,
            "count": 5916
        }
    }
}